,id,gericht,urteilsdatum,fall_nr,url_link,verfahrensart,geschlecht,nationalitaet,hauptdelikt,mehrfach,gewerbsmaessig,bandenmaessig,deliktssumme,nebenverurteilungsscore,vorbestraft,vorbestraft_einschlaegig,freiheitsstrafe_in_monaten,vollzug
0,184,Bezirksgericht Zürich,2009-06-17,SB110042,https://www.gerichte-zh.ch/fileadmin/user_upload/entscheide/oeffentlich/SB110042-O1.pdf,0,männlich,unbekannt,ung. Geschäftsbesorgung,True,False,False,1500000,0,False,False,24,0
1,181,Bezirksgericht Zürich,2010-10-03,SB110028,https://www.gerichte-zh.ch/fileadmin/user_upload/entscheide/oeffentlich/SB110028-O1.pdf,0,männlich,unbekannt,ung. Geschäftsbesorgung,False,False,False,2900000,0,False,False,36,1
2,165,Bezirksgericht Zürich,2010-10-07,SB110334,https://www.gerichte-zh.ch/fileadmin/user_upload/entscheide/oeffentlich/SB110334-O1.pdf,0,männlich,unbekannt,Veruntreuung,True,False,False,63432,0,True,True,26,2
3,185,Bezirksgericht Zürich,2010-12-08,SB110254,https://www.gerichte-zh.ch/fileadmin/user_upload/entscheide/oeffentlich/SB110254-O1.pdf,0,männlich,unbekannt,ung. Geschäftsbesorgung,True,False,False,120000,6,False,False,9,0
4,189,Bezirksgericht Meilen,2011-03-15,SB110305,https://www.gerichte-zh.ch/fileadmin/user_upload/entscheide/oeffentlich/SB110305-O2.pdf,0,männlich,unbekannt,Betrug,False,True,False,13700000,6,True,True,36,1
5,182,Bezirksgericht Zürich,2011-06-22,SB110525,https://www.gerichte-zh.ch/fileadmin/user_upload/entscheide/oeffentlich/SB110525-O1.pdf,0,männlich,unbekannt,ung. Geschäftsbesorgung,False,False,False,17575,2,True,False,8,0
6,180,Bezirksgericht Bülach,2011-07-25,SB110685,https://www.gerichte-zh.ch/fileadmin/user_upload/entscheide/oeffentlich/SB110685-O1.pdf,0,männlich,unbekannt,Diebstahl,False,False,False,25700,4,True,True,10,2
7,160,Bezirksgericht Zürich,2011-12-05,SB120055,https://www.gerichte-zh.ch/fileadmin/user_upload/entscheide/oeffentlich/SB120055-O1.pdf,0,männlich,unbekannt,Veruntreuung,True,False,False,8131,1,False,False,7,0
8,115,Bezirksgericht Dietikon,2012-11-28,SB130034,https://www.gerichte-zh.ch/fileadmin/user_upload/entscheide/oeffentlich/SB130034-O1.pdf,0,männlich,unbekannt,betr. Missbrauch DVA,False,True,False,1054694,8,False,False,36,1
9,114,Bezirksgericht Hinwil,2012-12-04,SB130128,https://www.gerichte-zh.ch/fileadmin/user_upload/entscheide/oeffentlich/SB130128-O1.pdf,0,männlich,unbekannt,betr. Missbrauch DVA,False,False,False,111200,3,False,False,12,0
10,179,Bezirksgericht Uster,2013-01-24,SB130181,https://www.gerichte-zh.ch/fileadmin/user_upload/entscheide/oeffentlich/SB130181-O2.pdf,0,männlich,Ausländerin/Ausländer,Diebstahl,True,False,False,28222,4,False,False,6,0
11,151,Bezirksgericht Bülach,2013-09-04,SB130436,https://www.gerichte-zh.ch/fileadmin/user_upload/entscheide/oeffentlich/SB130436-O1.pdf,0,männlich,unbekannt,Veruntreuung,False,False,False,110000,2,False,False,9,0
12,186,Bezirksgericht Zürich,2014-04-04,SB140214,https://www.gerichte-zh.ch/fileadmin/user_upload/entscheide/oeffentlich/SB140214-O1.pdf,0,männlich,unbekannt,Veruntreuung,True,False,False,6000000,3,True,False,42,2
13,113,Bezirksgericht Uster,2014-05-15,SB140409,https://www.gerichte-zh.ch/fileadmin/user_upload/entscheide/oeffentlich/SB140409-O1.pdf,0,männlich,unbekannt,betr. Missbrauch DVA,False,True,False,299999,0,False,False,24,0
14,188,Bezirksgericht Zürich,2014-05-22,SB140292,https://www.gerichte-zh.ch/fileadmin/user_upload/entscheide/oeffentlich/SB140292-O1.pdf,0,männlich,unbekannt,ung. Geschäftsbesorgung,False,False,False,100000,0,False,False,15,0
15,46,Bezirksgericht Bülach,2014-09-18,SB160422,https://www.gerichte-zh.ch/fileadmin/user_upload/entscheide/oeffentlich/SB160422-O1.pdf,0,männlich,unbekannt,ung. Geschäftsbesorgung,False,False,False,139000,0,True,False,16,0
16,63,Bezirksgericht Zürich,2014-12-02,SB150048,https://www.gerichte-zh.ch/fileadmin/user_upload/entscheide/oeffentlich/SB150048-O1.pdf,0,männlich,unbekannt,betr. Missbrauch DVA,False,True,False,435459,3,True,True,48,2
17,162,Bezirksgericht Winterthur,2014-12-04,SB150164,https://www.gerichte-zh.ch/fileadmin/user_upload/entscheide/oeffentlich/SB150164-O1.pdf,0,männlich,unbekannt,ung. Geschäftsbesorgung,False,False,False,90000,0,True,False,10,2
18,97,Bezirksgericht Zürich,2014-12-16,SB150028,https://www.gerichte-zh.ch/fileadmin/user_upload/entscheide/oeffentlich/SB150028-O1.pdf,0,männlich,unbekannt,Betrug,False,False,False,806146,4,False,False,24,0
19,154,Bezirksgericht Winterthur,2015-01-20,SB150134,https://www.gerichte-zh.ch/fileadmin/user_upload/entscheide/oeffentlich/SB150134-O1.pdf,0,männlich,unbekannt,ung. Geschäftsbesorgung,False,False,False,19038,1,False,False,5,0
20,47,Bezirksgericht Zürich,2015-04-01,SB150207,https://www.gerichte-zh.ch/fileadmin/user_upload/entscheide/oeffentlich/SB150207-O1.pdf,0,männlich,unbekannt,ung. Geschäftsbesorgung,True,False,False,362000,2,False,False,14,0
21,150,Bezirksgericht Zürich,2015-06-09,SB150299,https://www.gerichte-zh.ch/fileadmin/user_upload/entscheide/oeffentlich/SB150299-O1.pdf,0,männlich,unbekannt,Veruntreuung,True,False,False,377400,0,False,False,12,0
22,167,Bezirksgericht Hinwil,2015-07-07,SB150326,https://www.gerichte-zh.ch/fileadmin/user_upload/entscheide/oeffentlich/SB150326-O1.pdf,0,männlich,unbekannt,Veruntreuung,True,False,False,3000,10,False,False,12,0
23,175,Bezirksgericht Zürich,2015-12-11,SB160078,https://www.gerichte-zh.ch/fileadmin/user_upload/entscheide/oeffentlich/SB160078-O1.pdf,0,männlich,unbekannt,Betrug,False,False,False,7280,1,True,True,8,0
24,117,Bezirksgericht Zürich,2016-01-18,SB160162,https://www.gerichte-zh.ch/fileadmin/user_upload/entscheide/oeffentlich/SB160162-O1.pdf,0,männlich,unbekannt,Betrug,False,True,False,8366,1,True,True,8,2
25,166,Bezirksgericht Zürich,2016-02-11,SB160202,https://www.gerichte-zh.ch/fileadmin/user_upload/entscheide/oeffentlich/SB160202-O1.pdf,0,männlich,unbekannt,Veruntreuung,True,False,False,299999,2,False,False,40,2
26,177,Bezirksgericht Uster,2016-02-19,SB160286,https://www.gerichte-zh.ch/fileadmin/user_upload/entscheide/oeffentlich/SB160286-O1.pdf,0,männlich,Ausländerin/Ausländer,Diebstahl,True,False,True,102000,12,True,True,40,2
27,176,Bezirksgericht Horgen,2016-02-19,SB160287,https://www.gerichte-zh.ch/fileadmin/user_upload/entscheide/oeffentlich/SB160286-O1.pdf,0,männlich,Ausländerin/Ausländer,Diebstahl,True,False,False,102000,5,True,True,42,2
28,174,Bezirksgericht Hinwil,2016-03-02,SB160244,https://www.gerichte-zh.ch/fileadmin/user_upload/entscheide/oeffentlich/SB160244-O1.pdf,0,weiblich,Ausländerin/Ausländer,Diebstahl,False,False,False,87352,2,True,True,10,2
29,155,Bezirksgericht Zürich,2016-03-09,SB160193,https://www.gerichte-zh.ch/fileadmin/user_upload/entscheide/oeffentlich/SB160193-O1.pdf,0,männlich,unbekannt,Betrug,True,False,False,500000,8,True,True,20,0
30,161,Bezirksgericht Zürich,2016-06-04,SB160371,https://www.gerichte-zh.ch/fileadmin/user_upload/entscheide/oeffentlich/SB160371-O2.pdf,0,männlich,unbekannt,Veruntreuung,True,False,False,8000000,4,True,False,66,2
31,141,Bezirksgericht Dietikon,2016-06-13,SB170498,https://www.gerichte-zh.ch/fileadmin/user_upload/entscheide/oeffentlich/SB170498-O1.pdf,0,männlich,unbekannt,Betrug,False,True,False,400000,0,True,False,29,2
32,148,Bezirksgericht Zürich,2016-06-24,SB160468,https://www.gerichte-zh.ch/fileadmin/user_upload/entscheide/oeffentlich/SB160468-O1.pdf,0,männlich,unbekannt,Veruntreuung,False,True,False,178000,0,False,False,12,0
33,149,Bezirksgericht Zürich,2016-10-05,SB160464,https://www.gerichte-zh.ch/fileadmin/user_upload/entscheide/oeffentlich/SB160464-O1.pdf,0,männlich,Ausländerin/Ausländer,Veruntreuung,True,False,False,525000,0,True,False,18,0
34,171,Bezirksgericht Zürich,2016-10-26,SB170010,https://www.gerichte-zh.ch/fileadmin/user_upload/entscheide/oeffentlich/SB170010-O1.pdf,0,männlich,Ausländerin/Ausländer,Diebstahl,False,False,False,1800000,0,True,True,39,2
35,170,Bezirksgericht Zürich,2016-10-26,SB170011,https://www.gerichte-zh.ch/fileadmin/user_upload/entscheide/oeffentlich/SB170011-O1.pdf,0,weiblich,Ausländerin/Ausländer,Diebstahl,False,False,False,1800000,0,False,False,30,1
36,163,Bezirksgericht Zürich,2016-11-30,SB170098,https://www.gerichte-zh.ch/fileadmin/user_upload/entscheide/oeffentlich/SB170098-O1.pdf,0,männlich,unbekannt,Veruntreuung,True,False,False,50001,3,False,False,11,0
37,172,Bezirksgericht Bülach,2016-12-09,SB170047,https://www.gerichte-zh.ch/fileadmin/user_upload/entscheide/oeffentlich/SB170047-O1.pdf,0,männlich,Ausländerin/Ausländer,Diebstahl,False,False,False,415,0,True,True,3,2
38,147,Bezirksgericht Zürich,2016-12-13,SB170014,https://entscheidsuche.ch/docs/ZH_Obergericht/ZH_OG_002_SF180003_2018-10-04.pdf,0,männlich,unbekannt,Veruntreuung,True,False,False,67187,0,True,True,10,2
39,146,Bezirksgericht Zürich,2017-02-01,SB170180,https://www.gerichte-zh.ch/fileadmin/user_upload/entscheide/oeffentlich/SB170180-O1.pdf,0,männlich,Schweizerin/Schweizer,Veruntreuung,False,True,False,6000000,0,False,False,42,2
40,4,Bezirksgericht Zürich,2017-03-02,SB170236,https://www.gerichte-zh.ch/fileadmin/user_upload/entscheide/oeffentlich/SB170236-O1.pdf,0,männlich,unbekannt,betr. Missbrauch DVA,False,True,False,346693,5,True,True,54,2
41,145,Bezirksgericht Zürich,2017-06-28,SB170326,https://www.gerichte-zh.ch/fileadmin/user_upload/entscheide/oeffentlich/SB170326-O1.pdf,0,männlich,unbekannt,Veruntreuung,False,False,False,148500,3,False,False,14,0
42,3,Bezirksgericht Bülach,2017-07-18,SB170444,https://www.gerichte-zh.ch/fileadmin/user_upload/entscheide/oeffentlich/SB170444-O1.pdf,0,weiblich,Ausländerin/Ausländer,Betrug,False,False,False,40000,2,True,True,36,2
43,152,Bezirksgericht Zürich,2017-07-20,SB170390,https://www.gerichte-zh.ch/fileadmin/user_upload/entscheide/oeffentlich/SB170390-O2.pdf,0,männlich,unbekannt,Veruntreuung,False,True,False,9300000,5,False,False,48,2
44,178,Bezirksgericht Zürich,2017-07-21,SB170314,https://www.gerichte-zh.ch/fileadmin/user_upload/entscheide/oeffentlich/SB170314-O1.pdf,0,weiblich,Ausländerin/Ausländer,Diebstahl,False,False,False,1340,2,False,False,4,0
45,131,Bezirksgericht Uster,2017-08-08,SB180036,https://www.gerichte-zh.ch/fileadmin/user_upload/entscheide/oeffentlich/SB180036-O1.pdf,0,männlich,Ausländerin/Ausländer,Diebstahl,False,False,False,299,1,True,True,6,2
46,59,Bezirksgericht Zürich,2017-08-23,SB170415,https://www.gerichte-zh.ch/fileadmin/user_upload/entscheide/oeffentlich/SB170415-O1.pdf,0,weiblich,Ausländerin/Ausländer,ung. Geschäftsbesorgung,True,False,False,10000000,6,False,False,30,1
47,60,Bezirksgericht Zürich,2017-10-30,SB180066,https://www.gerichte-zh.ch/fileadmin/user_upload/entscheide/oeffentlich/SB180066-O1.pdf,0,männlich,unbekannt,Veruntreuung,True,False,False,15000,3,True,True,7,2
48,169,Bezirksgericht Zürich,2017-11-10,SB180030,https://www.gerichte-zh.ch/fileadmin/user_upload/entscheide/oeffentlich/SB180030-O1.pdf,0,weiblich,unbekannt,Veruntreuung,True,True,False,4097832,3,False,False,32,1
49,135,Bezirksgericht Zürich,2017-12-07,SB180109,https://www.gerichte-zh.ch/fileadmin/user_upload/entscheide/oeffentlich/SB180109-O1.pdf,0,männlich,Ausländerin/Ausländer,betr. Missbrauch DVA,False,True,False,3724,3,True,True,16,0
50,58,Bezirksgericht Dielsdorf,2018-02-23,SB180545,https://www.gerichte-zh.ch/fileadmin/user_upload/entscheide/oeffentlich/SB180545-O1.pdf,0,männlich,unbekannt,Veruntreuung,True,False,False,562375,4,False,False,18,0
51,45,Bezirksgericht Zürich,2018-02-28,SB180182,https://www.gerichte-zh.ch/fileadmin/user_upload/entscheide/oeffentlich/SB180182-O1.pdf,0,männlich,unbekannt,ung. Geschäftsbesorgung,False,False,False,3000000,0,True,True,22,0
52,53,Bezirksgericht Zürich,2018-03-21,SB180264,https://www.gerichte-zh.ch/fileadmin/user_upload/entscheide/oeffentlich/SB180264-O1.pdf,0,männlich,unbekannt,ung. Geschäftsbesorgung,True,False,False,169062,7,True,True,27,2
53,143,Bezirksgericht Dielsdorf,2018-03-23,SB180517,https://www.gerichte-zh.ch/fileadmin/user_upload/entscheide/oeffentlich/SB180517-O1.pdf,0,männlich,Ausländerin/Ausländer,Diebstahl,False,True,True,17330,4,True,True,32,2
54,5,Bezirksgericht Winterthur,2018-05-16,SB180363,https://entscheidsuche.ch/docs/ZH_Obergericht/ZH_OG_002_SB180363_2019-06-25.pdf,0,weiblich,Ausländerin/Ausländer,Betrug,True,False,False,215338,2,False,False,18,0
55,120,Bezirksgericht Zürich,2018-05-23,SB180343,https://www.gerichte-zh.ch/fileadmin/user_upload/entscheide/oeffentlich/SB180343-O1.pdf,0,männlich,unbekannt,Betrug,False,True,False,34000,2,True,True,30,2
56,140,Bezirksgericht Winterthur,2018-07-12,SB180525,https://www.gerichte-zh.ch/fileadmin/user_upload/entscheide/oeffentlich/SB180525-O1.pdf,0,männlich,Ausländerin/Ausländer,Betrug,False,True,False,135600,1,True,True,30,2
57,183,Bezirksgericht Päffikon,2018-07-20,SB180513,https://www.gerichte-zh.ch/fileadmin/user_upload/entscheide/oeffentlich/SB180513-O1.pdf,0,männlich,unbekannt,ung. Geschäftsbesorgung,False,False,False,2674,4,True,False,7,0
58,10,Bezirksgericht Meilen,2018-08-23,SB180491,https://www.gerichte-zh.ch/fileadmin/user_upload/entscheide/oeffentlich/SB180491-O1.pdf,0,männlich,Ausländerin/Ausländer,Betrug,False,True,False,10000,2,True,True,12,2
59,57,Bezirksgericht Dietikon,2018-09-12,SB190110,https://www.gerichte-zh.ch/fileadmin/user_upload/entscheide/oeffentlich/SB190110-O1.pdf,0,weiblich,unbekannt,Veruntreuung,False,False,False,133090,0,False,False,20,0
60,137,Bezirksgericht Bülach,2018-10-03,SB180508,https://www.gerichte-zh.ch/fileadmin/user_upload/entscheide/oeffentlich/SB180508-O1.pdf,0,männlich,Ausländerin/Ausländer,Betrug,False,True,False,118200,0,True,False,20,2
61,119,Bezirksgericht Winterthur,2018-10-25,SB190113,https://www.gerichte-zh.ch/fileadmin/user_upload/entscheide/oeffentlich/SB190113-O1.pdf,0,männlich,Ausländerin/Ausländer,Diebstahl,False,True,False,160000,4,True,True,48,2
62,127,Bezirksgericht Bülach,2018-11-06,SB190160,https://www.gerichte-zh.ch/fileadmin/user_upload/entscheide/oeffentlich/SB190160-O1.pdf,0,männlich,Ausländerin/Ausländer,Diebstahl,True,True,True,17800,2,True,True,8,0
63,8,Bezirksgericht Zürich,2018-11-08,SB190020,https://www.gerichte-zh.ch/fileadmin/user_upload/entscheide/oeffentlich/SB190020-O1.pdf,0,männlich,unbekannt,betr. Missbrauch DVA,True,False,False,100001,0,False,False,14,0
64,50,Bezirksgericht Bülach,2019-01-18,SB190267,https://www.gerichte-zh.ch/fileadmin/user_upload/entscheide/oeffentlich/SB190267-O1.pdf,0,männlich,Ausländerin/Ausländer,Veruntreuung,True,False,False,40000,0,False,False,5,0
65,136,Bezirksgericht Winterthur,2019-02-21,SB190217,https://www.gerichte-zh.ch/fileadmin/user_upload/entscheide/oeffentlich/SB190217-O1.pdf,0,männlich,Ausländerin/Ausländer,Diebstahl,True,False,False,2115,2,True,True,12,2
66,11,Bezirksgericht Horgen,2019-05-15,SB190520,https://www.gerichte-zh.ch/fileadmin/user_upload/entscheide/oeffentlich/SB190520-O1.pdf,0,männlich,unbekannt,Betrug,False,True,False,802953,3,False,False,30,1
67,56,Bezirksgericht Winterthur,2019-06-12,SB190389,https://www.gerichte-zh.ch/fileadmin/user_upload/entscheide/oeffentlich/SB190389-O1.pdf,0,männlich,unbekannt,Veruntreuung,True,False,False,847955,0,True,False,39,2
68,142,Bezirksgericht Zürich,2019-06-24,SB190367,https://entscheidsuche.ch/docs/ZH_Obergericht/ZH_OG_002_SB190367_2020-09-25.pdf,0,männlich,Ausländerin/Ausländer,Betrug,False,True,False,723432,3,True,False,34,1
69,61,Bezirksgericht Zürich,2019-06-26,SB190476,https://www.gerichte-zh.ch/fileadmin/user_upload/entscheide/oeffentlich/SB190476-O1.pdf,0,männlich,unbekannt,ung. Geschäftsbesorgung,False,False,False,1232296,14,True,True,54,2
70,12,Bezirksgericht Horgen,2019-07-11,SB190490,https://www.gerichte-zh.ch/fileadmin/user_upload/entscheide/oeffentlich/SB190490-O1.pdf,0,männlich,unbekannt,betr. Missbrauch DVA,True,False,False,2360,5,True,True,9,2
71,55,Bezirksgericht Pfäffikon,2019-07-16,SB200078,https://www.gerichte-zh.ch/fileadmin/user_upload/entscheide/oeffentlich/SB200078-O1.pdf,0,männlich,Ausländerin/Ausländer,Betrug,False,False,False,85000,0,True,True,8,2
72,126,Bezirksgericht Winterthur,2019-08-21,SB190561,https://www.gerichte-zh.ch/fileadmin/user_upload/entscheide/oeffentlich/SB190561-O2.pdf,0,weiblich,Ausländerin/Ausländer,Diebstahl,False,True,False,80000,3,False,False,30,1
73,101,Bezirksgericht Zürich,2019-08-28,SB190567,https://www.gerichte-zh.ch/fileadmin/user_upload/entscheide/oeffentlich/SB190567-O1.pdf,0,männlich,unbekannt,Betrug,False,True,False,474000,7,True,True,45,2
74,133,Bezirksgericht Winterthur,2019-09-13,SB200013,https://www.gerichte-zh.ch/fileadmin/user_upload/entscheide/oeffentlich/SB200013-O1.pdf,0,weiblich,Ausländerin/Ausländer,Diebstahl,True,False,False,1500,2,False,False,8,0
75,62,Bezirksgericht Winterthur,2019-10-03,SB200012,https://www.gerichte-zh.ch/fileadmin/user_upload/entscheide/oeffentlich/SB200012-O1.pdf,0,männlich,Schweizerin/Schweizer,ung. Geschäftsbesorgung,True,False,False,9012,0,False,False,6,0
76,138,Bezirksgericht Zürich,2019-11-01,SB200048,https://www.gerichte-zh.ch/fileadmin/user_upload/entscheide/oeffentlich/SB200048-O1.pdf,0,männlich,Ausländerin/Ausländer,Betrug,False,True,False,815000,3,True,False,48,2
77,139,Bezirksgericht Zürich,2019-11-06,SB200069,https://www.gerichte-zh.ch/fileadmin/user_upload/entscheide/oeffentlich/SB200069-O1.pdf,0,männlich,Ausländerin/Ausländer,Betrug,True,True,False,212967,0,True,False,24,0
78,187,Bezirksgericht Uster,2019-11-14,SB200075,https://www.gerichte-zh.ch/fileadmin/user_upload/entscheide/oeffentlich/SB200075-O1.pdf,0,männlich,unbekannt,Betrug,False,True,False,163284,14,False,False,36,1
79,125,Bezirksgericht Winterthur,2019-11-27,SB200129,https://www.gerichte-zh.ch/fileadmin/user_upload/entscheide/oeffentlich/SB200129-O1.pdf,0,männlich,Ausländerin/Ausländer,Diebstahl,False,True,False,26000,5,True,True,40,2
80,1,Bezirksgericht Zürich,2019-12-10,SB200112,https://www.gerichte-zh.ch/fileadmin/user_upload/entscheide/oeffentlich/SB200112-O1.pdf,0,weiblich,unbekannt,Betrug,False,False,False,59311,0,False,False,8,0
81,164,Bezirksgericht Winterthur,2019-12-12,SB200223,https://www.gerichte-zh.ch/fileadmin/user_upload/entscheide/oeffentlich/SB200223-O1.pdf,0,weiblich,unbekannt,Veruntreuung,False,False,False,430,5,True,True,9,2
82,2,Bezirksgericht Zürich,2020-01-28,SB200202,https://www.gerichte-zh.ch/fileadmin/user_upload/entscheide/oeffentlich/SB200202-O1.pdf,0,männlich,unbekannt,Betrug,False,True,False,19363,7,True,True,30,2
83,144,Bezirksgericht Winterthur,2020-02-04,SB200250,https://entscheidsuche.ch/docs/ZH_Obergericht/ZH_OG_002_SB200250_2021-02-15.pdf,0,männlich,Ausländerin/Ausländer,Betrug,False,True,True,150000,6,True,True,66,2
84,118,Bezirksgericht Zürich,2020-02-10,SB200244,https://www.gerichte-zh.ch/fileadmin/user_upload/entscheide/oeffentlich/SB200244-O1.pdf,0,männlich,Ausländerin/Ausländer,Diebstahl,False,True,False,500001,4,True,True,66,2
85,54,Bezirksgericht Zürich,2020-05-06,SB200291,https://www.gerichte-zh.ch/fileadmin/user_upload/entscheide/oeffentlich/SB200291-O1.pdf,0,männlich,unbekannt,Betrug,False,True,False,116000,3,True,True,30,2
86,49,Bezirksgericht Dietikon,2020-06-03,SB200453,https://www.gerichte-zh.ch/fileadmin/user_upload/entscheide/oeffentlich/SB200453-O1.pdf,0,männlich,unbekannt,Veruntreuung,False,False,False,2500,6,True,True,10,2
87,124,Bezirksgericht Zürich,2020-06-11,SB200411,https://www.gerichte-zh.ch/fileadmin/user_upload/entscheide/oeffentlich/SB200411-O1.pdf,0,männlich,Ausländerin/Ausländer,Diebstahl,False,True,False,20000,7,True,True,37,2
88,6,Bezirksgericht Uster,2020-06-26,SB200427,https://www.gerichte-zh.ch/fileadmin/user_upload/entscheide/oeffentlich/SB200427-O1.pdf,0,männlich,Ausländerin/Ausländer,Betrug,False,False,False,2400,3,True,True,5,2
89,96,Bezirksgericht Horgen,2020-08-11,SB210265,https://www.gerichte-zh.ch/fileadmin/user_upload/entscheide/oeffentlich/SB210265-O1.pdf,0,weiblich,unbekannt,Veruntreuung,False,False,False,290000,8,False,False,30,1
90,123,Bezirksgericht Zürich,2020-09-10,SB200480,https://www.gerichte-zh.ch/fileadmin/user_upload/entscheide/oeffentlich/SB200480-O1.pdf,0,männlich,Ausländerin/Ausländer,Diebstahl,False,True,False,184000,0,True,True,48,2
91,122,Bezirksgericht Zürich,2020-09-10,SB210031,https://www.gerichte-zh.ch/fileadmin/user_upload/entscheide/oeffentlich/SB210031-O1.pdf,0,weiblich,Ausländerin/Ausländer,Diebstahl,False,True,False,17900,2,True,True,27,2
92,51,Bezirksgericht Dietikon,2020-09-29,SB200466,https://www.gerichte-zh.ch/fileadmin/user_upload/entscheide/oeffentlich/SB200466-O2.pdf,0,männlich,unbekannt,ung. Geschäftsbesorgung,False,False,False,70000,2,True,False,10,2
93,130,Bezirksgericht Zürich,2020-10-02,SB210028,https://www.gerichte-zh.ch/fileadmin/user_upload/entscheide/oeffentlich/SB210028-O1.pdf,0,männlich,unbekannt,Veruntreuung,False,False,False,61500,4,True,True,7,0
94,106,Bezirksgericht Dielsdorf,2020-10-02,SB210241,https://www.gerichte-zh.ch/fileadmin/user_upload/entscheide/oeffentlich/SB210241-O1.pdf,0,männlich,Ausländerin/Ausländer,Betrug,False,False,False,170000,0,False,False,28,1
95,103,Bezirksgericht Zürich,2020-10-13,SB210054,https://www.gerichte-zh.ch/fileadmin/user_upload/entscheide/oeffentlich/SB210054-O1.pdf,0,männlich,Ausländerin/Ausländer,betr. Missbrauch DVA,False,True,False,31918,2,True,True,9,2
96,100,Bezirksgericht Zürich,2020-10-15,SB210163,https://www.gerichte-zh.ch/fileadmin/user_upload/entscheide/oeffentlich/SB210163-O1.pdf,0,männlich,unbekannt,ung. Geschäftsbesorgung,True,False,False,239729,0,False,False,18,0
97,158,Bezirksgericht Dietikon,2020-11-11,SB210319,https://www.gerichte-zh.ch/fileadmin/user_upload/entscheide/oeffentlich/SB210319-O1.pdf,0,männlich,Ausländerin/Ausländer,Diebstahl,True,True,False,190000,6,False,False,36,2
98,9,Bezirksgericht Winterthur,2020-11-12,SB210165,https://www.gerichte-zh.ch/fileadmin/user_upload/entscheide/oeffentlich/SB210165-O1.pdf,0,männlich,unbekannt,Betrug,False,True,False,450600,0,True,False,33,1
99,98,Bezirksgericht Dietikon,2020-11-16,SB210045,https://www.gerichte-zh.ch/fileadmin/user_upload/entscheide/oeffentlich/SB210045-O1.pdf,0,männlich,Ausländerin/Ausländer,Betrug,False,True,False,100001,0,True,False,24,0
100,132,Bezirksgericht Zürich,2020-11-19,SB210127,https://www.gerichte-zh.ch/fileadmin/user_upload/entscheide/oeffentlich/SB210127-O1.pdf,0,männlich,Ausländerin/Ausländer,Diebstahl,True,False,False,1845,1,True,True,9,0
101,121,Bezirksgericht Meilen,2020-11-26,SB210246,https://www.gerichte-zh.ch/fileadmin/user_upload/entscheide/oeffentlich/SB210246-O1.pdf,0,weiblich,Ausländerin/Ausländer,Diebstahl,False,True,False,23403,4,False,False,30,1
102,102,Bezirksgericht Horgen,2020-11-30,SB210193,https://www.gerichte-zh.ch/fileadmin/user_upload/entscheide/oeffentlich/SB210193-O1.pdf,0,männlich,Schweizerin/Schweizer,Betrug,False,False,False,280134,3,False,False,10,0
103,134,Bezirksgericht Bülach,2020-12-17,SB210233,https://www.gerichte-zh.ch/fileadmin/user_upload/entscheide/oeffentlich/SB210233-O1.pdf,0,männlich,Ausländerin/Ausländer,Diebstahl,True,False,False,22600,9,True,True,31,2
104,156,Bezirksgericht Zürich,2020-12-17,SB210192,https://www.gerichte-zh.ch/fileadmin/user_upload/entscheide/oeffentlich/SB210192-O1.pdf,0,männlich,Schweizerin/Schweizer,Betrug,False,True,False,640000,0,False,False,30,1
105,173,Bezirksgericht Bülach,2021-01-06,SB210222,https://www.gerichte-zh.ch/fileadmin/user_upload/entscheide/oeffentlich/SB210222-O1.pdf,0,weiblich,unbekannt,Diebstahl,False,False,False,418,0,False,False,1,0
106,109,Bezirksgericht Zürich,2021-01-28,SB210242,https://www.gerichte-zh.ch/fileadmin/user_upload/entscheide/oeffentlich/SB210242-O1.pdf,0,weiblich,Ausländerin/Ausländer,Diebstahl,True,False,False,300,8,True,True,14,0
107,159,Bezirksgericht Zürich,2021-03-10,SB210321,https://www.gerichte-zh.ch/fileadmin/user_upload/entscheide/oeffentlich/SB210321-O1.pdf,0,männlich,unbekannt,Veruntreuung,True,True,False,630000,0,False,False,24,0
108,104,Bezirksgericht Zürich,2021-03-29,SB210285,https://www.gerichte-zh.ch/fileadmin/user_upload/entscheide/oeffentlich/SB210285-O1.pdf,0,männlich,Ausländerin/Ausländer,Betrug,False,True,False,44000,0,False,False,7,0
109,168,Bezirksgericht Bülach,2021-04-10,SB210518,https://www.gerichte-zh.ch/fileadmin/user_upload/entscheide/oeffentlich/SB150326-O1.pdf,0,männlich,unbekannt,Veruntreuung,False,False,False,608400,4,True,False,39,2
110,129,Bezirksgericht Zürich,2021-04-12,SB210341,https://www.gerichte-zh.ch/fileadmin/user_upload/entscheide/oeffentlich/SB210341-O1.pdf,0,weiblich,unbekannt,Betrug,False,True,False,1300000,3,False,False,32,1
111,52,Bezirksgericht Zürich,2021-04-22,SB190523,https://www.gerichte-zh.ch/fileadmin/user_upload/entscheide/oeffentlich/SB190523-O1.pdf,0,männlich,unbekannt,Veruntreuung,True,False,False,487000,8,False,False,27,1
112,99,Bezirksgericht Dietikon,2021-04-27,SB210497,https://www.gerichte-zh.ch/fileadmin/user_upload/entscheide/oeffentlich/SB210497-O1.pdf,0,männlich,unbekannt,Betrug,False,False,False,80000,2,True,False,12,0
113,111,Bezirksgericht Zürich,2021-05-27,SB210362,https://www.gerichte-zh.ch/fileadmin/user_upload/entscheide/oeffentlich/SB210362-O1.pdf,0,männlich,unbekannt,Sachbeschädigung,True,False,False,301,1,True,True,8,0
114,153,Bezirksgericht Winterthur,2021-06-03,SB220165,https://www.gerichte-zh.ch/fileadmin/user_upload/entscheide/oeffentlich/SB220165-O1.pdf,0,weiblich,Ausländerin/Ausländer,betr. Missbrauch DVA,True,False,False,5829,1,True,True,7,0
115,112,Bezirksgericht Zürich,2021-06-10,SB210428,https://www.gerichte-zh.ch/fileadmin/user_upload/entscheide/oeffentlich/SB210428-O1.pdf,0,männlich,Ausländerin/Ausländer,Diebstahl,False,True,True,26758,9,True,True,54,2
116,105,Bezirksgericht Dietikon,2021-07-07,SB210508,https://www.gerichte-zh.ch/fileadmin/user_upload/entscheide/oeffentlich/SB210508-O1.pdf,0,männlich,Ausländerin/Ausländer,Betrug,False,False,False,5000,0,True,True,6,0
117,116,Bezirksgericht Meilen,2021-07-08,SB210503,https://www.gerichte-zh.ch/fileadmin/user_upload/entscheide/oeffentlich/SB210503-O1.pdf,0,männlich,Ausländerin/Ausländer,betr. Missbrauch DVA,True,False,False,50000,8,True,True,16,2
118,110,Bezirksgericht Dielsdorf,2021-08-30,SB210654,https://www.gerichte-zh.ch/fileadmin/user_upload/entscheide/oeffentlich/SB210654-O1.pdf,0,männlich,Schweizerin/Schweizer,Diebstahl,False,True,False,19189,4,True,True,30,2
119,157,Bezirksgericht Winterthur,2021-08-30,SB220196,https://www.gerichte-zh.ch/fileadmin/user_upload/entscheide/oeffentlich/SB220196-O1.pdf,0,männlich,Ausländerin/Ausländer,Diebstahl,False,False,False,1950,2,True,True,10,2
